balancer/skills/fear_and_greed_oracle_abci,bafybeigscr6fielnypwrjya4zcwectm5pdod3o3ki5uokiwgonxsxy427m
open_aea/connections/scaffold,bafybeifucsl5zfe4if4zfaddud77lzwgg7emv3mr3x3us57py7vbhktb24
open_aea/contracts/scaffold,bafybeiba4pdufnxve5hdkla42lixnxwfkyg7s2bvuy6zqbxjsxtaygehda
open_aea/protocols/scaffold,bafybeihhyjuqvp5zqtikkjrwtikg4fr4tsub43n777huxtpeu77g75poze
open_aea/protocols/signing,bafybeid6f5ceool4evgaxdegs5pkjoivqjk3mo3ehctalswngb5m5c32wm
open_aea/skills/scaffold,bafybeih3h7yia76rrbittnoeotpraiuho5rdqsnksuvncinaa3akgmnbaa
valory/connections/abci,bafybeiaau6gvge6gh5xp7brrpljqe3mhosy3p67e5cgivtypj7nplmii24
valory/connections/http_client,bafybeiajlo43jrfdhtkpagjtj4izm2rc24ysbnzbtxnu5qqc2pxoov66z4
valory/connections/ledger,bafybeiemp6u7xsyvwcq25i3t62oiykwsg5wmp7xs2e6eidll5vf3htdpwy
valory/connections/p2p_libp2p_client,bafybeigvayl4ykzqf6o6bw2irv7am3qvczjoeu7yjhzn27ajiwvcio3lxm
valory/contracts/gnosis_safe,bafybeif5ump4p7p5bygqyxeznwdvtdhtwihxnjnvjajbcnt7rmcyzyjafy
valory/contracts/gnosis_safe_proxy_factory,bafybeiffdg3dpuynvbw7vusdiuuqkgl4gxok6ezlgv3senji2ybnl6m2iy
valory/contracts/multisend,bafybeidvuabdn32lpsh3z7wb5fonotimysfsntueeb53dgil5jmiezrasq
valory/contracts/service_registry,bafybeidtwbj7mwiskbbmsw43zzooivuq6nripdzn7yuoou66rq7spom54m
valory/protocols/abci,bafybeianfguceeckwhelenmythqmbtqswll6vcaz5wwsdr7hin7ov3rvje
valory/protocols/acn,bafybeidetrrkvdgveu4ph5g6v53lbh7ardfspbkpstmjxctx647bzyosyy
valory/protocols/contract_api,bafybeigkedpmqhm7lrqusnkyfcapyx3dlkz2djfq74hou5pwtrskxgvuxu
valory/protocols/http,bafybeienmids6f5pcey2bnywmiup2faawqgmdhhz65qfciuhkntugztvpi
valory/protocols/ledger_api,bafybeif2c3jt4tim3zbfq5c2lds7bs6qj5gvj2obk3pzdk3uy6zk2ivo3e
valory/protocols/tendermint,bafybeihcnjhovvyyfbkuw5sjyfx2lfd4soeocfqzxz54g67333m6nk5gxq
valory/skills/abstract_abci,bafybeiam52ztcss46i3tgywuv4qmvddqgn7exmbt5kcicqpyip4kfeyap4
valory/skills/abstract_round_abci,bafybeiayewfb2ytovp7exhawqwbw63eerx4tw53ztey5r4ozbtcvsw3gua
valory/skills/registration_abci,bafybeibe2so7dcm2sivhum7gqik27c73a6v7gf3aligmbbucgh2zh2wvzu
valory/skills/reset_pause_abci,bafybeiehyoay5bjg7zpc47bynycvs7gf7o7tcau77b5rwsgpg7shnrjnje
valory/skills/safe_deployment_abci,bafybeiaewimpi6qjr3mjvruyu6napuylprnwkp4gzydlxlqbc6lm4jyw7y
valory/skills/transaction_settlement_abci,bafybeiaz3mvzv4xc5pmnbrpj7ha5i4t4twpnulqit7ixnvcmy6uhckm7de
